"Variable","HR","p_value"
"조직학적진단명.코드.설명.signet.ring.cell.",1.2837198384667,0.0326110140017952
"조직학적진단명.코드.설명.Neoplasm.malignant.",1.18351515452891,0.145194037300456
"체중측정값.Weight.",0.995454330411287,0.152010453528442
"조직학적진단명.코드.설명.carcinoide.tumor.",1.16541832905148,0.196600222413935
"항암제.치료.여부.Chemotherapy.",0.848660276400429,0.202102176559851
