"Variable","HR","p_value"
"조직학적진단명.코드.설명.signet.ring.cell.",1.2696514002477,0.0415764776659768
"체중측정값.Weight.",0.995617322939322,0.168247870384464
"조직학적진단명.코드.설명.Neoplasm.malignant.",1.15924253559843,0.203662918167966
"항암제.치료.여부.Chemotherapy.",0.852200986653534,0.21484409153419
"조직학적진단명.코드.설명.carcinoide.tumor.",1.15002250604187,0.239269499711209
