"Variable","HR","p_value"
"체중측정값.Weight.",1.00420773291932,0.03709754228203
"조직학적진단명.코드.설명.Neuroendocrine.carcinoma.",1.15992013341379,0.0671603645945266
"분자병리MSI검사결과코드.명.MSI.",0.950757660381611,0.116494428673275
"진단시연령.AGE.",0.996232835186601,0.159025898165945
"조직학적진단명.코드.설명.carcinoide.tumor.",1.12123420879,0.166838173992714
"M_stage_M1",1.07484654279265,0.211343063328905
"항암제.치료.여부.Chemotherapy.",1.10156161010695,0.223243949940924
