"Variable","HR","p_value"
"체중측정값.Weight.",1.00404586416318,0.0452387694419361
"조직학적진단명.코드.설명.Neuroendocrine.carcinoma.",1.15570337646287,0.0739130277327079
"분자병리MSI검사결과코드.명.MSI.",0.95154743241748,0.122386852905713
"조직학적진단명.코드.설명.carcinoide.tumor.",1.12842343807938,0.144204085262101
"진단시연령.AGE.",0.996208583836539,0.156184392765979
"M_stage",1.08500583070684,0.156710052758138
"항암제.치료.여부.Chemotherapy.",1.10045969913982,0.227803902143687
